id,name,category,brand,price,salePrice,image,stock,description
65,Lottie Dress - Bright Checker,Dresses,Xellbuy,6000,4500,https://cdn.shopify.com/s/files/1/0083/9181/9341/files/LottieBrightChecker4.jpg?v=1755541633,25,"Sweater-knit patchwork mini dress in a bright checker pattern, suitable for casual and party styling."
66,Sofia Dress - Blue Floral/White,Dresses,Xellbuy,5400,4050,https://cdn.shopify.com/s/files/1/0083/9181/9341/files/SofiaDressBlueFlat.png?v=1752178872,25,Blue floral mini dress with adjustable straps and a feminine silhouette for summer and occasion wear.
67,Kasey Top - White,Tops,Xellbuy,3500,2625,https://offe.market/cdn/shop/files/JBQHIGHSUMMER233173_edit_1000x_jpg.webp?v=1761865535,25,"Crisp white cotton-blend top with a collared neckline, short cuffed sleeves and a wrap-style waist."
68,Halls Cardigan - Verbena,Layering,Xellbuy,1850,1390,https://cdn.shopify.com/s/files/1/0083/9181/9341/files/HallsCardigan.Verbena.Allegra-2.jpg?v=1776799625,25,Organic cotton French-terry cardigan with raglan sleeves and a snap front for comfortable layering.
69,Core Crop Tank Top - Vibrant Red,Tops,Xellbuy,2200,1650,https://cdn.shopify.com/s/files/1/0083/9181/9341/files/OB-SS-25-7.jpg?v=1778611368,25,Stretchy organic-cotton racer-back crop top with a fitted silhouette and scoop neckline.
70,Jemma Bubble Top - Black Pink Bow,Tops,MySkyBuy,1700,1275,https://cdn.shopify.com/s/files/1/0083/9181/9341/files/lisa_says_gah_jemma_bubble_top_black2.jpg?v=1753920421,25,"Cropped bubble-hem top with playful pink bow detailing, designed for party and going-out looks."
71,Mindy Blouse - White,Blouses,skybuy,2500,1875,https://cdn.shopify.com/s/files/1/0083/9181/9341/files/45396db40d0e2a6ce5696a722780ecfbc456ab2c_xxl-1.jpg?v=1775258983,25,White blouse with puff sleeves and a feminine peplum silhouette for smart-casual outfits.
72,Core Butterfly Baby Tee - White,Tops,MySkyBuy,1600,1200,https://cdn.shopify.com/s/files/1/0083/9181/9341/files/dg_ob-wonen-organic_cotton-core-butterfly_baby_tee-white-studio-1.jpg?v=1773686846,25,Slim-fit white organic-cotton baby tee with a clean cropped silhouette for everyday casual wear.
73,Wide Cut Jeans - Grey,Jeans,MySkyBuy,4665,3499,https://offe.market/cdn/shop/files/a3a37f94322c85ecbf7966b24530f6df845b13fa_xxl-1-default-womenfootwear6_front-Dakota-LightStudio.jpg?v=1778906635,25,High-waist wide-cut grey jeans with a relaxed extra-long leg and five-pocket construction.
74,Women's Blue Denim Shirt,Shirts,MySkyBuy,2265,1699,https://images.bewakoof.com/original/women-s-blue-denim-shirt-541110-1662623847-1.jpg,25,"Classic blue denim button-up shirt with a collar, full sleeves and front chest pockets."
75,Gabrielle Maxi - Black,Dresses,MySkyBuy,11300,5900,https://offe.market/cdn/shop/files/GABRIELLE_MAXI_1258_1100x_9ac59457-eca4-4810-a325-ef66657805fa.jpg?v=1752277487,25,"Flared-sleeve, double-layered maxi dress with a boatneck neckline and waist cut-outs in stretchy modal fabric — dressy enough for occasions, easy enough for everyday."
76,Virelle Mesh Dress,Dresses,MySkyBuy,20300,6450,https://offe.market/cdn/shop/files/butterflymeshfront-Nika-LightStudio.jpg?v=1780635409,25,"Fitted mesh midi dress with an asymmetric waterfall neckline, adjustable shoulder straps and mesh lining, in a polyester-spandex blend."
77,Maraschino Slip Dress,Dresses,MySkyBuy,12900,6400,https://offe.market/cdn/shop/files/MaraschinoSlipDressFront.jpg?v=1766174288,25,"Slip mini dress covered in glossy cherry prints, trimmed with red lace at the bust and hem, with a soft flared skirt and a leg slit finished in a bow."
78,Natasha Strapless Jacquard Maxi Dress,Dresses,MySkyBuy,16400,7450,https://offe.market/cdn/shop/files/J0787_FRONT.png?v=1783429446,25,"Strapless jacquard maxi dress with a ruched fitted bodice and drop-waist silhouette flowing into a full-length skirt, made for evening events."
79,Victoria Dress - Green/White,Dresses,MySkyBuy,5999,4499,https://offe.market/cdn/shop/files/VictoriaDress.jpg?v=1752179025,25,"100% cotton mini dress with an eyelet cotton bust finished with a white bow, set above a soft Cupro jersey skirt."
80,Mari Mesh Dress,Dresses,MySkyBuy,18700,6000,https://www.saemdi.com/cdn/shop/files/redflowermeshfront_2048x2048.png?v=1759930631,25,"Fitted mesh dress with an asymmetric waterfall neckline and hem, adjustable shoulder straps and a soft frill detail at the side for movement."
81,Embroidered Silk Saree - Wine,Sarees,MySkyBuy,6532,4899,https://cdn.shopify.com/s/files/1/0049/3649/9315/files/SAUS0048029_WINE_17627_800x800.jpg?v=1769509987&width=480,25,Premium wine silk saree with refined embroidered detailing for festive and occasion wear.
82,Organza Floral Saree - Ivory,Sarees,MySkyBuy,6132,4599,https://www.indeloom.com/cdn/shop/products/RBPY6929copy.jpg?v=1755840967,25,Premium ivory organza saree with delicate floral styling for elegant celebrations.
83,Chanderi Silk Saree - Rose,Sarees,MySkyBuy,7065,5299,https://www.rootshandloom.com/cdn/shop/files/8DB5E37F-4EFA-4420-8C54-2A817E56A84D.jpg?v=1735797635&width=990,25,Premium rose Chanderi silk saree with a lightweight graceful drape.
84,Embroidered Anarkali - Maroon,Ethnic Wear,MySkyBuy,5599,4199,https://varanga.in/cdn/shop/files/7_44bcb231-7c47-456d-ab91-0f4c4c827662.jpg?v=1784039216,25,Premium maroon Anarkali suit with an elegant flare and embroidered finish.
85,Sharara Set - Dusty Pink,Ethnic Sets,MySkyBuy,5465,4099,https://rahulmishra.in/cdn/shop/files/1_18a2988c-656b-4382-8e1e-cedbcf7f0d4f.jpg?v=1778760595&width=1080,25,Premium dusty-pink sharara set designed for festive and party occasions.
86,Rose Gold Lehenga Choli,Ethnic Sets,MySkyBuy,6665,4999,https://www.ethnicplus.in/cdn/shop/files/stunning-rose-gold-embroidered-net-wedding-wear-lehenga-choli-2036455.jpg?v=1780675749,25,Premium rose-gold lehenga choli set with an occasion-ready silhouette.
87,Satin Slip Midi Dress - Champagne,Dresses,MySkyBuy,4532,3399,https://justinwhyte.com/cdn/shop/files/New_folder_3__1B9A2546.jpg?v=1732637546&width=980,25,Premium champagne satin midi dress with a fluid elegant silhouette.
88,Pleated Chiffon Maxi Dress - Sage,Dresses,MySkyBuy,4932,3699,https://shopscarletsage.com/cdn/shop/files/SSMAY2026_05_207254copy.jpg?v=1785562236,25,Premium sage pleated chiffon maxi dress with a flowing feminine fit.
89,Tailored Blazer - Ivory,Outerwear,MySkyBuy,6532,4899,https://m.media-amazon.com/images/I/51DTQBfWumL._SY741_.jpg,25,Premium ivory tailored blazer with a structured polished silhouette.
90,High-Rise Flare Jeans - Indigo,Jeans,MySkyBuy,3732,2799,https://levi.in/cdn/shop/files/006QY0000_01_Styleshot.jpg?v=1765879193,25,Premium high-rise indigo flare jeans with a contemporary leg shape.
91,Satin Cowl-Neck Blouse - Champagne,Blouses,MySkyBuy,2799,2099,https://m.media-amazon.com/images/I/413pcRnnYZL.jpg,25,Premium champagne satin blouse with an elegant cowl neckline.
92,Pleated Midi Skirt - Black,Skirts,MySkyBuy,2799,2099,https://www.forevernew.co.in/cdn/shop/files/29602902_f_1.jpg?v=1782061313&width=1200,25,Premium black pleated midi skirt with a graceful structured fall.
93,Classic Printed Saree Set,Sarees,PUNIT BALANA,47500,33250,https://cdn.shopify.com/s/files/1/0826/3345/7943/files/GGSHOOT000993.jpg?v=1770017032,25,"Classic printed mist-blue organza saree set with saree, blouse and skirt."
94,Yashika Women's Banarasi Kanjivaram Cotton Silk Saree With Unstitched Blouse Material,Sarees,MRUNALINI RAO,118000,82600,https://cdn.shopify.com/s/files/1/0764/5190/5843/files/MR_884_b786fe0f-3a9f-4034-a65c-5475e0d45940.jpg?v=1764322771,25,Chiffon ruffle saree paired with a raw-silk corset with hand embroidery and an in-skirt.
95,SGF11 Women's Kanjivaram Soft Silk Saree With Blouse Piece,Sarees,NAINA JAIN,175000,122500,https://cdn.shopify.com/s/files/1/0255/8597/5393/files/096A8840.jpg?v=1768038307,25,Rich purple Kanjeevaram silk saree with pure zari leaf motifs and a woven blouse piece.
96,SGF11 Women's Kanjivaram Soft Silk Saree With Blouse Piece,Sarees,JAYANTI REDDY,199900,139930,https://cdn.shopify.com/s/files/1/0717/0621/4684/files/JayantiReddy05-02-264126.jpg?v=1772520217,25,Bottle-green silk-base saree with hand-embroidered border and zardozi blouse.
97,SARMAYA Black Chiffon Saree,Sarees,RASHIKA MITTAL,35100,24570,https://cdn.shopify.com/s/files/1/0697/3446/5777/files/Rashikamittal13661.jpg?v=1772094281,25,Black chiffon designer saree with floral mirror-work embroidered border.
98,AKHILAM Women's Organza Floral Embroidered Work Saree With Unstitched Blouse Piece,Dresses,NICOBAR,5250,3150,https://rukminim2.flixcart.com/image/1280/1280/xif0q/dress/t/w/c/xxl-ahdr86-autumn-hues-original-imah4zj9chqfh53q.jpeg?q=90,25,Grey cotton melange jersey fit-and-flare dress with a sleek long-sleeve silhouette.
99,Off White Hand Block Printed A-Line Kurta Set,Ethnic Sets,UPAVITA,6665,4999,https://cdn.shopify.com/s/files/1/0822/7654/8912/files/26th_Nov_20250568.jpg?v=1770015266,25,Off-white hand-block printed A-line short kurta set with all-over multicoloured floral pattern.
100,Navy Satin Kurta Set with Floral Embroidery,Ethnic Sets,RASHIKA MITTAL,6665,4999,https://cdn.shopify.com/s/files/1/0697/3446/5777/files/Rashikamittal12566.jpg?v=1772092534,25,Navy satin kurta set with floral embroidery and a refined festive silhouette.
101,"BIDDAZEL Women's Ikkat Floral Print Soft Satin Silk Saree With Unstitched Blouse Piece, Grey",Ethnic Sets,DEEP THEE,74800,52360,https://cdn.shopify.com/s/files/1/0564/0427/9485/files/10_aabf5674-f8fc-4b79-a6f6-ce868df44950.png?v=1727284882,25,"Olive silk A-line kurta set with aari and moti embroidery, straight pants and organza dupatta."
102,C J Enterprise Women's Banarasi Saree Pure Kanjivaram Style Silk Saree With Blouse Piece for Wedding ,Ethnic Sets,Ridhi Mehra,84300,59010,https://cdn.shopify.com/s/files/1/1799/4587/files/4_83e54d2d-1194-4f75-b190-92a49b90e4db.jpg?v=1753093346,25,"Royal-fuchsia organza kurta with all-over embroidery, silk salwar and embroidered silk dupatta."
103,Libas Pink Printed Cotton Anarkali Kurta Set,Ethnic Wear,LIBAS,3499,1459,https://www.libas.in/cdn/shop/files/5_0fe67941-2028-4be5-b768-19240cb4f312.jpg?v=1756098659,0,"Pink pure-cotton A-line Anarkali kurta set with floral print, statement yoke, straight pants and dupatta."
104,Gerua Orange Floral Printed Cotton Blend Straight Suit Set,Ethnic Sets,GERUA,3499,1099,https://www.libas.in/cdn/shop/files/GS1613_Main.jpg?v=1782796215,0,"Orange floral printed three-piece cotton-blend straight suit with embroidered yoke, trousers and coordinated dupatta."
105,Libas Pink Printed Cotton Anarkali Kurta With Palazzos,Ethnic Wear,LIBAS,2599,749,https://www.libas.in/cdn/shop/files/pink-printed-cotton-anarkali-kurta-with-palazzos-libas-1-27529740812438.jpg?v=1752301840,0,"Pink cotton Anarkali kurta with printed motifs, Gota Patti detailing and matching palazzo pants."
106,Libas Off-White Yoke Design Cotton Straight Kurta With Palazzos & Dupatta,Ethnic Sets,LIBAS,4999,1949,https://www.libas.in/cdn/shop/files/off-white-yoke-design-cotton-straight-kurta-with-palazzos-and-dupatta-libas-1-27530691707030.jpg?v=1756186002,0,"Three-piece off-white floral embroidered cotton suit with straight kurta, embroidered palazzos and matching dupatta."
107,Libas Blue Printed Cotton Straight Kurta With Trousers and Dupatta,Ethnic Sets,LIBAS,3499,999,https://www.libas.in/cdn/shop/files/blue-printed-cotton-straight-kurta-with-trousers-and-dupatta-libas-1-27531561599126.jpg?v=1756116443,0,"Blue Bandhani-print cotton three-piece suit with straight kurta, Leheriya-inspired trousers and matching dupatta."
108,Libas Blue Printed Cotton Straight Kurta With Trousers & Dupatta,Ethnic Sets,LIBAS,2999,1299,https://www.libas.in/cdn/shop/files/blue-printed-cotton-straight-kurta-with-trousers-and-dupatta-libas-1-27530885234838.jpg?v=1756184416,0,"Blue printed cotton straight kurta set with trousers and matching dupatta, finished with Gotta Patti and fabric-trim detailing."
109,Libas Off White Printed Cotton A-Line Kurta With Palazzos & Dupatta,Ethnic Sets,LIBAS,4499,1659,https://www.libas.in/cdn/shop/files/1_eeb0072a-80c8-47cb-8336-2cdac7e23075.jpg?v=1756102684,0,"Off-white pure-cotton A-line suit with floral print, mirror and thread work, printed palazzos and dupatta."
110,Libas Blue Printed Cotton Straight Kurta With Trousers & Dupatta - 34182,Ethnic Sets,LIBAS,3299,889,https://www.libas.in/cdn/shop/files/blue-printed-cotton-straight-kurta-with-trousers-and-dupatta-libas-2-27531347230870.jpg?v=1756119582,0,"Blue printed cotton straight-fit kurta set with tie-up neckline, trousers and matching dupatta."
111,Libas Blue Printed Cotton Straight Kurta With Trousers & Dupatta - 34292,Ethnic Sets,LIBAS,2999,849,https://www.libas.in/cdn/shop/files/blue-printed-cotton-straight-kurta-with-trousers-and-dupatta-libas-1-27531430068374.jpg?v=1756117279,0,"Blue printed cotton straight suit with chevron-print trousers and matching dupatta, designed for work and everyday wear."
112,Libas Blue Embroidered Cotton Straight Suit Set With Dupatta,Ethnic Sets,LIBAS,3999,2219,https://www.libas.in/cdn/shop/files/51239_7MainBlueEmbroideredCottonStraightSuitSetWithDupatta.jpg?v=1761023996,0,"Blue cotton straight suit with floral embroidery, statement yoke, straight pants and printed dupatta."
113,Libas Rust Cotton Anarkali Suit Set with Dupatta,Ethnic Sets,LIBAS,3999,1959,https://www.libas.in/cdn/shop/files/rust-cotton-anarkali-suit-set-with-dupatta-93276_b844dd8d-0f9f-4640-b117-9f1b0618a9ec.jpg?v=1772772227,25,"Rust cotton Anarkali suit with mandarin collar, statement yoke, straight pants and printed dupatta in an Ajrakh-inspired style."
114,Libas Pink Printed Cotton Anarkali Suit Set With Dupatta,Ethnic Sets,LIBAS,2599,1939,https://www.libas.in/cdn/shop/files/pink-printed-cotton-anarkali-suit-set-with-dupatta-93090_8f6bcc3f-1ada-457d-9fc1-dc92e5dbcbae.jpg?v=1772772156,25,"Pink cotton Anarkali suit with V-neckline, statement yoke, straight pants and embroidered dupatta."
115,Textured jersey top,Tops,Xellbuy,1999,599,https://image.hm.com/assets/hm/9a/e6/9ae68a7d000df99dff188ccf21e501d0ebe9d9cb.jpg?imwidth=2160,100,"Fitted top in textured jersey with a round neckline and cap sleeves. Gathers at one side of the waist to create a gently draped effect.Composition Polyester 98%, Elastane 2% Care instructions Wash with similar colours Only non-chlorine bleach when needed Line dry No iron Machine wash at 40° Can be dry cleaned Bring your clean, previously loved clothing or textiles to one of our stores — they can be from any brand.  Material: Jersey Materials in this product explained Elastane Elastane is an elastic synthetic fibre made from oil (a fossil resource). Polyester Polyester is a synthetic fibre made from crude oil (a fossil resource)."
116,Essential Solids: Hot Pink,Tops,Xellbuy,1599,599,https://prod-img.thesouledstore.com/public/theSoul/uploads/catalog/product/1706762989_8929498.jpg?w=1100&dpr=2,30,"Style your wardrobe with this classic ribbed cropped top. Wear it to a casual workday, party, or for a night-in with your friends - this top is the universal answer to ""What should I wear?""  Shop for this solid hot pink top online, available exclusively at The Souled Store."
117,Women's Striped Slim Fit Ribbed Top,Tops,Xellbuy,999,699,https://levi.in/cdn/shop/files/A91990027_01_Styleshot.jpg?v=1771398378,198,"Let this Levi's crew neck top do the talking whether you go to a park or a music festival. A slim fit top with subtle details and striped pattern, it will garner all the attention, no matter where you wear it.  1. Made from high-quality polyester blend 2. Pair it with a stylish pair of high-heeled wedges or trainers. 3. Smart half sleeves"
118,Women's Solid Slim Fit Ribbed Top,Tops,xellbuy,1499,799,https://levi.in/cdn/shop/files/005XV0001_01_Styleshot.jpg?v=1773057510,200,"Let this Levi's square neck top do the talking whether you go to a park or a music festival. A slim fit top with subtle details and solid pattern, it will garner all the attention, no matter where you wear it.  1. Made from high-quality cotton blend 2. Pair it with a stylish pair of high-heeled wedges or trainers. 3. Smart short sleeves"
119,Women's Solid Slim Fit Ribbed Top,Tops,Xellbuy,1299,999,https://levi.in/cdn/shop/files/008LP0000_01_Styleshot.jpg?v=1783260723,70,"For brilliant basics, look no further. This slim fit top by Levi's offers a wow effect. The square neck and sleeveless sleeves take this piece from simple to stylish. Made from lyocell, viscose, this t-shirt is soft and comfortable  1. The square neck offers casual-cool style 2. A solid pattern top in a slim fit 3. Upgrade your look by pairing it with the 501 jeans and boots."
120,"Layered Tank Top, Sleeveless Casual Wear, Double Layer Design",Layering,xellbuy,1299,999,https://m.media-amazon.com/images/I/61f3pFAftkL._SY879_.jpg,100,"DESIGN FEATURES: Stylish double-layer tank top with a flowy silhouette, featuring a scoop neckline and sleeveless cut for maximum comfort LAYERED CONSTRUCTION: Two-tiered design creates an elegant, cascading effect that adds movement and sophistication to the basic tank top VERSATILE STYLING: Perfect for casual or dressy occasions - pairs beautifully with jeans, trousers, skirts, or shorts FABRIC QUALITY: Soft, lightweight material ensures breathable comfort while maintaining shape throughout the day EASY CARE: Simple maintenance with machine washable fabric that retains its colour and shape after multiple washes"
121,"Enamor E025 Essentials Stay New Slim Fit Soft, Naturally Breathable Cotton Fabric Tank Top For Women",Layering,xellbuy,999,799,https://m.media-amazon.com/images/I/51W9qn0iHYL._SX679_.jpg,198,Material: Cotton Color: Black Fit Type: Regular Fit; Neck Style: Round Neck; Type of Sleeves: Sleeveless Occasion Type: Casual Included Items: 1 Tank Top Care Instructions: Hand Wash
122,Jockey A113 Women Super Combed Cotton Rib Fabric Slim Fit Solid Tank Top,Layering,xellbuy,999,699,https://m.media-amazon.com/images/I/61efcXZ3wZL._SX679_.jpg,100,Style Number - A113 | 100% Super Combed Cotton Rib Fabric | Fabric Composition : Cotton Round Neck Label Free for All Day Comfort Gentle wash 40°C; Do not bleach; Do not wring; Line dry in shade; Low iron; Do not dry clean; Wash inside out with like colours. Do not iron on label;
123,"Enamor E025 Essentials Stay New Slim Fit Soft, Naturally Breathable Cotton Fabric Tank Top For Women",Layering,xellbuy,998,894,https://m.media-amazon.com/images/I/71ebS1pKLcL._SY879_.jpg,199,"Fabric: Soft, naturally breathable cotton fabric. Specially finished fabric retains the newness even after several washes Double scoop neckline to layer or wear as outerwear Style Tip: Pair it with Enamor Essentials’ Basic Shorts, Jersey Shorts, Lounge Capri, City Shorts, Shop In Culotte, Lounge Jogger, Lounge Pants or Shop In Pants"
124,Mlada Cotton Ribbed Knit Tops for Women with Non Transparent Fabric,Layering,xellbuy,999,899,https://m.media-amazon.com/images/I/41rGmSxdyuL.jpg,97,"Luxurious Fabric: Made from 100% high-quality stretchable cotton, offering unmatched comfort and breathability for all-day wear. Versatile Design: The racerback and round neck design make this crop top perfect for casual outings, formal events, and everything in between. Flattering Fit: The ribbed knit texture and cropped silhouette enhance your natural shape, providing a stylish and confident look. Trendy Color Options: Available in a variety of up-to-date, fashionable colors to suit any personal style and occasion."
125,Rock Paper Scissors Womens Tank,Layering,xellbuy,999,799,https://m.media-amazon.com/images/I/81-4bYP89oL._SX679_.jpg,100,"Cropped ribbed top by Rock Paper Scissors is a perfect casual wear.you can wear them as it is or under a jacket this stylish crop top will never fail to impress people around you.. The cloth used in this womens top is ribbed cotton lycra fabric which is soft on skin, of lightweight and is elastic.So you Can Be Stylish in these Super Comfortable Womens Tops These one shoulder tank tops are available in a wide range of up-to-date trendy colors.; We believe in delivering stylish Products to all shapes and sizes therfore these trendy womens tops are Available in plus sizes from XS upto 4XL."
126,Mlada Cotton Ribbed Knit Tops for Women with Non Transparent Fabric ,Layering,xellbuy,999,799,https://m.media-amazon.com/images/I/41orzQ+jUSL.jpg,100,"Modern Design: Introducing Mlada's Rib Knitted Sleeveless Tank Top, your go-to-choice for every occasion. Crafted from high quality cotton, this cropped tank top has a sleek racerback design and round neck make it perfect for layering under a jacket or wearing on its own. Perfect for Summer: Beat the heat in style with this lightweight and breathable crop top. Its sleeveless design and non-transparent fabric make it ideal for hot summer days and nights."
127,SANNIDHI® Plus Size Crochet Tops for Woman Cotton,Layering,xellbuy,1199,899,https://m.media-amazon.com/images/I/61ceprIYe+L._SX679_.jpg,197,"COTTON HOLLOW OUT FLORAL CROCHET TOP: This crochet tops for women stylish coverups blends breathable cotton fabric with a delicate hollow out floral design, creating a lightweight and airy summer essential. Its loose fit and sheer knit construction make it perfect for layering at the beach or pairing with casual vacation outfits, offering effortless warm weather versatility. LOOSE AND RELAXED FIT: Designed with comfort in mind, this crochet top features a naturally loose silhouette that drapes beautifully over the body. The relaxed style enhances ease of movement and makes it ideal for hot days when you want clothing that feels cool, unrestrictive, and flattering on a variety of body shapes."
128,SANNIDHI® Women's Lace Beach Cover,Layering,xellbuy,1199,999,https://m.media-amazon.com/images/I/51TBn7xmvoL._SX679_.jpg,78,"INTRICATE LACE EMBROIDERY BEACH COVER: Delicately crafted with floral lace embroidery on a sheer mesh fabric, this tunic exudes feminine charm. The fine detailing enhances its romantic boho style, offering a graceful, high-end look that captures both elegance and ease, perfect for seaside strolls, tropical getaways, or lounging by the pool. LIGHT AND AIRY SILHOUETTE: Designed with a loose, flowy fit and mini-length hem, the cover-up provides a breezy layer that keeps you cool while maintaining subtle coverage. Its relaxed shape moves beautifully with the body, giving a flattering, carefree appearance ideal for sunny days at the beach or resort."
129,SANNIDHI® Bikini Beach Cover,Layering,xellbuy,1199,899,https://m.media-amazon.com/images/I/61bxjJwzovL._SX679_.jpg,99,"ELEGANT CROCHET BEACH DRESS: This stylish and versatile women's summer crochet swimsuit cover-up is a must-have for the summer season. Featuring a V-neck design and openwork knit pattern, it can be worn as a casual everyday dress or as a fashionable beach cover-up, perfectly blending comfort, femininity, and a relaxed summer vibe. SOFT KNIT FABRIC: This crocheted beach dress is made from high-quality knit fabric, which is soft and gentle on the skin, lightweight, and breathable. The premium fabric ensures comfort in hot weather, resists wrinkles, and maintains its shape, making it ideal for extended wear on sunny days."
130,Crochet Knit Beach Cover Up Dress for Women,Layering,xellbuy,1199,999,https://m.media-amazon.com/images/I/61BbNM6bCzL._SY879_.jpg,101,Lightweight breathable crochet knit cover up ideal for beach and resort wear Flattering deep V neckline enhances feminine silhouette Soft stretch waistband for comfortable contouring fit Intricate open knit texture adds premium handcrafted look Perfect to layer over swimwear for poolside or vacation styling
131,SANNIDHI® Crochet Cover Up for Women Loose Fit Beach Cover ,Layering,xellbuy,2299,1999,https://m.media-amazon.com/images/I/61lveDmP61L._SX679_.jpg,100,"BOHO CROCHET BEACH COVER-UP TOP: This stylish crochet beach wear dress for women is designed for women seeking a chic yet effortless summer look. Featuring a boho-inspired hollow-out pattern and flattering V-neck, it offers breathable comfort and relaxed elegance, making it ideal for beach days, pool lounging, vacations, or tropical getaways. BREATHABLE HOLLOW-OUT CROCHET DESIGN: The intricate hollow-out crochet construction promotes excellent airflow, keeping you cool and comfortable in warm weather. Lightweight and breathable design, this beach dress for woman is perfect for layering over"
132,Imported Organza blouse For Women,Blouses,xellbuy,2998,2599,https://images.meesho.com/images/products/681253334/civca_512.avif?width=512,101,"Imported Organza blouse For Women, Zimmy Choo Fabric Blouse For Women, Readymade Blouse, Full Stitched blouse, Fancy Tie On Sleeve, Puff Sleeve Blouse"
133,"Full sleeve stylist blouse,",Blouses,xellbuy,2599,1994,https://images.meesho.com/images/products/582209005/5lgrg_512.avif?width=512,101,"Full sleeve stylist blouse, party wear blouse for women, full stitched blouse,Trendy Zimii choo Organza Silk Ruffle Balloon Puff Sleeve V Neck Party wear Blouse, Soft Organza Fabric Balloon Type Sleeve Blouse."
134,Solid Imported Organza blouse,Blouses,xellbuy,1999,1699,https://images.meesho.com/images/products/395929121/itr2n_512.avif?width=512,899,"Solid Imported Organza blouse, full sleeve stylist blouse, party wear blouse for women, full stitched blouse,Trendy Zimichoo Organza Silk Ruffle Balloon Puff Sleeve V Neck Party wear BlouseSoft Organza Fabric Balloon Type Sleeve Blouse"
135,Yellow Pure Viscose Silk Woven Blouse,Blouses,xellbuy,2999,2593,https://www.taneira.com/dw/image/v2/BKMH_PRD/on/demandware.static/-/Sites-Taneira-product-catalog/default/dw554f877a/images/Taneira/Catalog/BLAQ04XY_1.jpg?sw=1000&sh=1500?aio=w-1000&sw=1000&sh=1500,100,"Full sleeve stylist blouse, party wear blouse for women, full stitched blouse,Trendy Zimii choo Organza Silk Ruffle Balloon Puff Sleeve V Neck Party wear Blouse, Soft Organza Fabric Balloon Type Sleeve Blouse."
136,Dark Blue Viscose Embroidered Blouse,Blouses,xellbuy,2999,2499,https://www.taneira.com/dw/image/v2/BKMH_PRD/on/demandware.static/-/Sites-Taneira-product-catalog/default/dw99126a35/images/Taneira/Catalog/BLAQ66DB_1.jpg?sw=1000&sh=1500?aio=w-1000&sw=1000&sh=1500,101,"stylist blouse, party wear blouse for women, full stitched blouse,Trendy Zimii choo Organza Silk Ruffle Balloon Puff Sleeve V Neck Party wear Blouse, Soft Organza Fabric Balloon Type Sleeve Blouse."
137,Black Viscose Woven Blouse,Blouses,xellbuy,2999,2599,https://www.taneira.com/dw/image/v2/BKMH_PRD/on/demandware.static/-/Sites-Taneira-product-catalog/default/dw32a300ee/images/Taneira/Catalog/BLAR13BK_1.jpg?sw=1000&sh=1500?aio=w-1000&sw=1000&sh=1500,200,"Latest Designer Embroidery With Stylist Blouse For Women, Stylist Net Blouse For Women, New Design Blouse Fancy Pattern With Net Blouse Full sleeve blouse"
138,Premium Cotton Skirt for Women,Skirts,xellbuy,2000,1999,https://www.jockey.in/cdn/shop/files/WZ29_IPBLACK_0101_S126_Jky_1.jpg?v=1781090645&width=560,100,Hi
139,Women's & Girls' Solid Basic V Neck,Blouses,xellbuy,2199,1999,https://m.media-amazon.com/images/I/618AzxjVqPL._SX679_.jpg,101,"Material: 95% Cotton 5% Spandex, Pattern: Solid Sleeve: Short Slevees, Neck: V Neck Fit Type: Slim Fit, Closure: Pull On Details: Crop Top, Ribbed, Solid, Puff Sleeves, Collared"
140,eck Ruched Front Puff Sleeve/Half,Blouses,xellbuy,2399,1999,http://m.media-amazon.com/images/I/71ax5jYRTYL._SY879_.jpg,101,"Materials: 95% Polyester, 5% Spandex; Stretchable Fabric Sleeve: Puff Sleeve; Neck Type: Square Neck Fit Type: Slim Fit; Pattern: Solid/Plain Collar Style: Collarless Sleeve Type: Half Sleeve; Occasion Type: Casual"
141,Readymade Women Cotton Blend Peacock Print Round Neck Short Sleeve Blouse,Blouses,xellbuy,2999,2199,https://m.media-amazon.com/images/I/41LPXlYTpyL.jpg,108,"Fabric: Made from soft cotton blend fabric for all-day comfort and durability Elegant Peacock Print: Beautiful peacock and floral back print adds a rich ethnic appeal Perfect Fit: Readymade blouse with comfortable stitching and easy body fit Stylish Design: Deep round back neck and short sleeves enhance the traditional look Occasion Ready: Ideal for sarees, lehengas, festive functions, weddings & parties"
142,Women's Kalamkari Stretchable Readymade Cotton Ajrakh Printed Saree Blouse,Blouses,xellbuy,2999,2598,https://m.media-amazon.com/images/I/71VuwCwjeFL._SY879_.jpg,102,Premium Stretchable Cotton Fabric: Crafted from soft and breathable stretchable cotton for enhanced comfort and flexibility throughout the day. Elegant katori cut Design: Tailored with a flattering katori cut that provides a stylish and well-fitted silhouette. Attractive Printed Pattern: Features a beautiful printed design that pairs effortlessly with a variety of sarees. Comfortable V-Neck & Elbow Sleeves: Designed with a graceful U-neck and elbow-length sleeves for a classic ethnic look.
143,Women's Pink Floral Textured Saree Blouse,Blouses,xellbuy,2199,1999,https://m.media-amazon.com/images/I/81owL-wNC0L._SX679_.jpg,99,"ELEGANT FLORAL TEXTURE: This readymade saree blouse features a beautiful all-over raised floral textured pattern that adds a rich, ethnic charm to your ensemble. FLATTERING NECKLINE: Designed with a graceful scoop neckline on both the front and back, this blouse offers a stylish and feminine silhouette perfect for festive occasions. 3/4 SLEEVES DESIGN: The three-quarter length sleeves provide a classic and sophisticated look, making it suitable for weddings, festivals, and traditional celebrations."
144,Premium Cotton Skirt for Women,Skirts,xellbuy,2200,2000,https://m.media-amazon.com/images/I/71NMHHBCTiL._SY741_.jpg,100,GRECIILOOKS Women's High Waist White Denim Skirt with Front Slit – Long Maxi Jean Skirt Casual Fashion – Stylish Denim Skirts for Women
145,Print Cotton Stretchable Round Neck,Blouses,xellbuy,2199,1999,https://m.media-amazon.com/images/I/71ucSqupJ9L._SY879_.jpg,108,"Cotton Saree Blouse for Women – Soft, breathable cotton blouse with premium comfort and durability. Stretchable Readymade Saree Blouse – Perfect-fit stretchable blouse for women, easy to wear and move all day Kalamkari Printed Saree Blouse – Traditional kalamkari blouse design for ethnic and festive saree looks Round Neck Half Sleeve Blouse – Classic round neck blouse with half sleeves blouse for timeless style"
146,"Premium Cotton Wraparound Skirt for Women, Free Size",Skirts,xellbuy,500,450,https://m.media-amazon.com/images/I/71mcJALmrIL._SX679_.jpg,100,Long Printed Maxi Women Cotton Stylish Morden and Comfortable Skirt
147,Womens Jaipuri Wrap Around Cotton Printed Maxi Skirt,Skirts,xellbuy,500,460,https://m.media-amazon.com/images/I/61-e58B8BiL._SX679_.jpg,100,FRAULEIN Women's Flared Pleated Maxi Skirt High Waist A-Line with Pockets and Belt Accessories [Small-Plus Size]
148,Womens High Waist Denim Jeans | Stretchable Slim Fit Casual Denim,Jeans,xellbuy,2199,1999,https://m.media-amazon.com/images/I/41AF6VrTD8L.jpg,199,"STRETCHABLE FABRIC: Crafted using soft, breathable and flexible denim material that provides excellent stretch for all-day comfort, ensuring ease of movement whether you are traveling, working or studying. HIGH-WAIST SLIM FIT DESIGN WITH COLOR & SIZES : These womens high waist Light Blue denim jeans 36 in numeric sizes offer a flattering slim-fit silhouette that shapes your waist and enhances your curves, making them perfect for office, college and everyday wear."
149,Comfortable Elastic Waist | Stylish Morden and Comfortable Looking,Skirts,xellbuy,500,5490,https://m.media-amazon.com/images/I/61R357OCaQL._SY741_.jpg,100,GRECIILOOKS Women's Casual Summer Beach Skirts | Maxi Skirt for Women High Waist | Boho Ethnic Flared Skirts | Indian Long Skirt Rayon Printed | Elastic Waist Long Skirt's for Women
150,Women's High Waist Bell Bottom Jeans | Flared Wide Leg,Jeans,xellbuy,2199,1999,https://m.media-amazon.com/images/I/61ZO+hRPulL._SY879_.jpg,120,"Fashionable Bell Bottom Jeans – Trendy high waist flared jeans for girls featuring a stylish wide leg bell bottom pattern for modern streetwear and casual fashion looks. Premium Stretchable Denim – Crafted with soft stretch denim fabric that delivers superior comfort, flexibility, and easy movement for daily wear."
151,Floral Printed Maxi Skirt | Comfortable Elastic Waist,Skirts,xellbuy,499,360,https://m.media-amazon.com/images/I/616-JbTVXmL._SY741_.jpg,360,Women's Boho Skirt High Low Split Summer Beach Midi Wrap Skirts
152,Womens High Waist Denim Jeans | Stretchable Slim Fit Casual Denim,Jeans,xellbuy,2199,1999,https://m.media-amazon.com/images/I/41AF6VrTD8L.jpg,109,"STRETCHABLE FABRIC: Crafted using soft, breathable and flexible denim material that provides excellent stretch for all-day comfort, ensuring ease of movement whether you are traveling, working or studying. HIGH-WAIST SLIM FIT DESIGN WITH COLOR & SIZES : These womens high waist Light Blue denim jeans 36 in numeric sizes offer a flattering slim-fit silhouette that shapes your waist and enhances your curves, making them perfect for office, college and everyday wear."
153,Morden and Comfortable Looking | Fashionable and Modern Look,Skirts,xellbuy,600,500,https://m.media-amazon.com/images/I/61Z7Xn5EFTL._SX569_.jpg,100,Symbol Premium Women's Stretch Formal Pencil Skirt | Knee-Length with Side Pockets (Available in Plus Sizes)
154,INKAST Women High Rise Wide Leg Full Length,Jeans,xellbuy,3999,3597,https://m.media-amazon.com/images/I/61d64cmVsEL._SY879_.jpg,1013,"Type:High Rise Womens Jeans Fabric:Cotton Lycra Length:Ankle Length Closure:Button.ManufacturerD S Enterprise, 9bye lane, sahid khudiram bose sarani,kamardanga,icchapur,howrah,west bengal,711104, D S Enterprise, Jagatballavpur, Shibtala,Howrah,West Bengal,711408 PackerD S Enterprise, 9 bye lane,sahid khudiram bose sarani,kamardanga,icchapur,howrah,west bengal,711104 Item Weight400 g Item Dimensions LxWxH30 x 20 x 2 Centimeters Generic NameHigh Rise Wide Leg Full Length Cotton Poly Lycra Jeans | Casual Denim Wear"
155,"Perfect for Any Event| Polyester, Crepe| for Women",Skirts,xellbuy,700,650,https://m.media-amazon.com/images/I/714vpeNIKoL._SY741_.jpg,100,Girl Code Women's Boho Floral Print Wrap Front Self Tie Knot Midi Skirt Women & Girls
156,London Hills Women's Relaxed Fit High Rise Jeans,Jeans,xellbuy,3599,3197,https://m.media-amazon.com/images/I/81nFk17uzHL._SY879_.jpg,997,"women baggy jeans || baggy jeans for women || loose jeans for women || oversized jeans for women baggy Unique product with stretchable jeans for Women || Baggy Jeans, Comfortable Quality knitted with stylish Design This Jeans are Loose Fit to provide you more comforts for any movements, Accurate to wear it in the Office, Casual Parties."
157,Fashionable and Modern Look,Skirts,xellbuy,1000,9999,https://m.media-amazon.com/images/I/31zNjKFzkIL.jpg,100,"Women's Mermaid Fit Maxi Skirt, Green, Soft Stretchable Fabric, Adjustable Waist Tie, Casual Wear"
158,Women’s Windcheater Jacket,Outerwear,xellbuy,5000,4999,https://m.media-amazon.com/images/I/91Khm8+Ji6L._SX569_.jpg,100,"Fabcurate Signature Chic Blazer for Women | Versatile Polyester Jacket Everyday to Special Occasions | All-Season Poly Rayon Jacket in Pink and Blue with Notched Collar, Full Sleeves, Regular Fit"
159,Fabcurate Ethnic Brown Blzaer for Women | Notched Collar with Full Sleeves Pashmina Jacket for Ladies,Outerwear,xellbuy,5000,4999,https://m.media-amazon.com/images/I/71LB4519K3L._SY741_.jpg,100,Fabcurate Ethnic Brown Blzaer for Women | Notched Collar with Full Sleeves Pashmina Jacket for Ladies | Fashionable Casual Wear
160,Collins Women's Polyester Standard Length Windbreaker,Outerwear,xellbuy,3000,2560,https://m.media-amazon.com/images/I/413p8JOdlpL._SX679_.jpg,100,"BLUE TYGA Women’s UPF 50+ Crop Sunscreen Jacket – Ice Pro Lightweight UV Hoodie with Mask for Cycling, Running & Outdoor Use"
161,"Jacket for Women, Lightweight & Wind-Resistant with Reflective Cool",Outerwear,xellbuy,7000,6950,https://m.media-amazon.com/images/I/61wX+PohlLL._SY741_.jpg,100,GRECIILOOKS Women Poly Lycra Standard Length Oversized Jacket Korean Style Casual Outerwear | Streetwear Party Jacket with Trendy Loose Fit (Available in Plus Size)
162,"Jacket for Women, Lightweight & Wind-Resistant ",Outerwear,xellbuy,7000,6000,https://m.media-amazon.com/images/I/61FIejX3CML._SY741_.jpg,100,"Tagas Women's Casual Bomber Jacket | Lightweight Zip-Up Jacket with Pockets | Full Sleeve Solid Color Outerwear for Winter, Travel & Daily Wear|oversized jecket|"
163,Women Lightweight Jacket | Solid Casual Windcheater With 2 Pockets,Outerwear,xellbuy,9000,8650,https://m.media-amazon.com/images/I/61UO8TEnEIL._SY741_.jpg,100,Racing Bomber Jacket for Men & Women | Motorsport Graphic Print Winter Puffer Jacket | Vintage Biker Streetwear Zip-Up Outerwear | Casual Urban Fashion Coat for Travel
164,Summer lightweight Track Jacket | Windcheater Jacket For Women,Outerwear,xellbuy,8000,7650,https://m.media-amazon.com/images/I/51xPLbzxBTL.jpg,100,"FLEECE MATERIAL: Crafted from soft, plush fleece fabric that provides exceptional warmth and comfort during cold winter months."
165,Women Travel Solid Sports Gym Running jacket,Outerwear,xellbuy,12000,11600,https://m.media-amazon.com/images/I/61tYLuU32NL._SX679_.jpg,100,WesternVibe Women's F1 Racing Style Oversized Bomber Jacket Full Zip Casual Streetwear Jacket Stand Collar Lightweight Winter Outerwear Black Red
166,Solid Casual Windcheater With 2 Pockets,Outerwear,xellbuy,1200,11600,https://m.media-amazon.com/images/I/71SxXJOackL._SY741_.jpg,100,Alan Jones Clothing Women’s Fluffy Yarn Fleece Full-Zip Jacket | Soft Lightweight Warm Outerwear with Stand Collar & Piping at Hem & Cuffs
167,"Cool Feel Quick Dry Sun Hoodie, Modern Fit with Removable Hat",Outerwear,xellbuy,11000,1000,https://m.media-amazon.com/images/I/61DUQwPWVSL._SX679_.jpg,100,Monte Carlo Women Regular Fit Solid Hooded Neck Side Pocket Zipper Closure Full Sleeve Winter Jacket| Women Winter Jacket | Stylish Zipper Jacket | Casual Winter Wear For Women's (Pack Of 1)
168,"Women, Stylish Zip Pocket, for Driving, Camping",Outerwear,xellbuy,2100,2000,https://m.media-amazon.com/images/I/61S0JV5ccsL._SY741_.jpg,100,SMOWKLY Women’s Cotton Blend Cropped Corduroy Jacket with Two Pockets| Casual Button Down Shirt | Stylish Lightweight Outerwear for Women’s | Long Sleeve Jacket for Regular Wear
169,Anarkali Suit For Women's | Festive Ethnic Indian Traditional,Ethnic Wear,xellbuy,1200,1100,https://m.media-amazon.com/images/I/71fv2bcy+4L._SX569_.jpg,100, Myx Women's Embroidered Kurta Pant Set with Dupatta | Salwar Suit Set (Available in Plus Sizes)
170,Short Kurti For Woman Latest,Ethnic Wear,xellbuy,3000,2850,https://m.media-amazon.com/images/I/61CvqdxFUrL._SY741_.jpg,100,Womens Floral Printed Angrakha Pure Cotton Kurta with Palazzos & Dupatta Set | Traditional
171,Leriya Fashion Co-ord Set,Ethnic Wear,xellbuy,3000,2900,https://m.media-amazon.com/images/I/71rjJMwzQaL._SX569_.jpg,100,Nermosa Women Embroidery Solid A-Line Kurta and Pant Set with Dupatta
172,Klosia Women's Printed Anarkali Kurta and Pant,Ethnic Wear,xellbuy,2200,1250,https://m.media-amazon.com/images/I/61lFTsfbgaL._SY741_.jpg,100," Women's Solid Reach Color Embroidered Kurta with Floral Dupatta and Straight Pants, Festive & Traditional Outfit Ethnic Wear Set"
173,Anarkali Suit For Women's | Festive Ethnic Indian ,Ethnic Wear,xellbuy,2900,2800,https://m.media-amazon.com/images/I/71dtUfZ0InL._SY741_.jpg,100,Womanista Embriodery frock suit set for womens | coord set for womens cotton | co ord sets for women stylish | co ord sets for women casual wear
174,Anouk Women's Ethnic Motifs Printed Tiered Kurta,Ethnic Wear,xellbuy,2200,2000,https://m.media-amazon.com/images/I/51E0wFKiFLL._SY741_.jpg,100,RATAN Muga Cotton Straight Lucknowi Chikankari Ethnic Wear Kurta for Women
175,GoSriKi Women's Rayon Blend Solid Anarkali Kurta with Pant & Dupatta,Ethnic Wear,xellbuy,2900,2800,https://m.media-amazon.com/images/I/61PapcHSgZL._SX569_.jpg,100, Tavasya Women Vichitra Silk Zari Sequence Cording Embroidered Regular Fit Kurta Set | Kurta Set | Ethnic Wear
176,Straight Kurta and Pant Set with Dupatta,Ethnic Wear,xellbuy,2200,2100,https://m.media-amazon.com/images/I/51Gu6NRZ-fL._SY741_.jpg,100, Women's Cotton Floral Embroidery Mandarin Collar Straight Kurti with Pant
177,Leriya Fashion Co-ord Set For Women Stylish | Kurti Set For Woman,Ethnic Wear,xellbuy,2100,2000,https://m.media-amazon.com/images/I/61PHOMhPdCL._SY741_.jpg,100,Viscose Printed Straight Kurta with Pant and Dupatta for Women | Viscose 3/4 Sleeve | High Neck | Ethnic Wear Casual Wear
178,Women Embroidery Solid Straight Kurta and Pant Set with Dupatta,Ethnic Wear,xellbuy,2900,2800,https://m.media-amazon.com/images/I/71ncDGUmsdL._SY741_.jpg,100,Anarkali Kurta Set for Women with Dupatta | Cotton Kurti Set for Woman | Embroidered Anarkali Suit for Women Kurti Pant Set with Dupatta | Suit Set for Women Latest
179,Women Jacquard Silk Ethnic Kurta with Dupatta,Ethnic Wear,xellbuy,2100,2000,https://m.media-amazon.com/images/I/61RbrPzrjaL._SY741_.jpg,100,"Women's Rayon Viscose Straight fit Printed Embroidered Kurta with Pant & Dupatta | Ethnic Kurta Set for Women | Daily, Office & Festive Traditional"
180,Straight Fit Designer Wear with Woven Pattern & Tassel Dupatta,Ethnic Wear,xellbuy,3500,3000,https://m.media-amazon.com/images/I/71L-WyS26RL._SY741_.jpg,100,Women's Pure Viscose Block Printed Ethnic Wear Straight Kurta Set with Palazzo Pants & Dupatta | Kurta Set for Women | 3 Piece Set
181,Ethnic Kurta with Dupatta Suit for Women,Ethnic Wear,xellbuy,5000,4900,https://m.media-amazon.com/images/I/51jxUIx-REL._SY741_.jpg,100,Women Viscose Printed | Kurti Set Woman | Kurta Pant Dupatta 3 Piece Outfit | V-Neck Elbow Length Sleeve Straight Fit Ethnic Wear Ladies Dress Stylish Traditional Clothing
182,SIRIL Women's Satin Tissue Sequence Embroidery Scalloped Border Saree,Sarees,xellbuy,25000,24500,https://m.media-amazon.com/images/I/617YAcTci7L._SX569_.jpg,100,Women's Kanjivaram Soft Silk Saree With Blouse Piece
183,SIRIL Women's Chinnon Embroidery Scalloped Border Saree,Sarees,xellbuy,45000,42000,https://m.media-amazon.com/images/I/51-EvB+p6EL._SX569_.jpg,100,Women's Pure Soft Silk Saree With Blouse Piece For Wedding
184,SIRIL Georgette Bandhani Saree for Women with Unstitched Blouse Piece,Sarees,xellbuy,35000,32000,https://m.media-amazon.com/images/I/71n0o3rC2DL._SY741_.jpg,100,Women's Saree with Embroidered Blouse Piece
185,SIRIL Georgette Bandhani Saree for Women with Unstitched Blouse Piece,Sarees,xellbuy,45000,40000,https://m.media-amazon.com/images/I/71zD6LNDRdL._SX679_.jpg,100, Women's Trendy Banarasi Kanjivaram Navy Color Art Silk Saree with Blouse Material
186,Yashika Women's Banarasi Kanjivaram Cotton Silk Saree With Unstitched Blouse Material,Shirts,xellbuy,2600,2500,https://m.media-amazon.com/images/I/41rnCW4yeRL._SY741_.jpg,100,"Women Fashion Vest, Poly Crepe, Regular Fit"
187,Formal Look Stylish Trendy Shirts,Shirts,xellbuy,2800,2600,https://m.media-amazon.com/images/I/71VMn5aTdNL._SX569_.jpg,100,Women's Embroidered Cotton Shirt | 3/4 Sleeve Button-Down with Floral Embroidery (Available in Plus Sizes)
188,Comfortable Rich Korean Button Down,Shirts,xellbuy,3000,3900,https://m.media-amazon.com/images/I/61ghciV5-zL._SY741_.jpg,100,Pink Women and Girls Loose fit Full Sleeve Cotton and Linen Pink Color Women Boyfriend Shirts
189,Comfortable Rich Korean Button Down,Shirts,xellbuy,3200,3000,https://m.media-amazon.com/images/I/51gj12mCq3L.jpg,100,Women Casual Check Shirt Cotton Long Sleeve Stylish Checked Pattern Fashion Clothing
190,Long Sleev Stylish Collared Shirts ,Shirts,xellbuy,3000,2900,https://m.media-amazon.com/images/I/31UjwLrkZGL.jpg,100,Women Shirt ? Formal Office Wear Viscose Rayon Shirts for Women
191,Women's Rayon Oversized Fit Crop Top Shirt,Shirts,xellbuy,2200,2180,https://m.media-amazon.com/images/I/41RwBNXFWtL.jpg,100,"Women’s Striped Shirt, Casual Button Down Shirt for Women, Full Sleeve Cotton Blend Oversized, Ladies Formal & Casual Wear Top"
192,Trendy Summer Tops | Smart Casual,Shirts,xellbuy,3000,2900,https://m.media-amazon.com/images/I/51gj12mCq3L.jpg,100,Women Casual Check Shirt Cotton Long Sleeve Stylish Checked Pattern Fashion Clothing
193,French Crep Button Down Modern Fit,Shirts,xellbuy,3000,2900,https://m.media-amazon.com/images/I/61biRrJHp-L._SY741_.jpg,100,Women Printed Formal Shirt | Stylish Office Top | Casual Full Sleeve Shirts | Trendy Summer Tops | Smart Casual Printed Top for Women's | French Crep Button Down Modern Fit
194, Smart Casual Printed Top for Women's,Shirts,xellbuy,3000,2800,https://m.media-amazon.com/images/I/618tghr6oGL._SY741_.jpg,100,SAVI Women’s Blue Denim Embroidered Top | Floral Yoke Embroidery | 3/4 Puff Sleeves | Relaxed Fit Casual Ethnic Tunic Top for Women
195,Stylish Office Top | Casual Full Sleeve Shirts ,Shirts,xellbuy,3000,2800,https://m.media-amazon.com/images/I/41RwBNXFWtL.jpg,100,"Women’s Striped Shirt, Casual Button Down Shirt for Women, Full Sleeve Cotton Blend Oversized, Ladies Formal & Casual Wear Top"
196,Women Printed Formal Shirt | Stylish Office Top,Shirts,xellbuy,3000,2700,https://m.media-amazon.com/images/I/61vT32slH9L._SY741_.jpg,100,IndoPrimo Women's Satin Shirt with Spread Collar Neck Line Solid Pattern Full Sleeves Regular Fit Western Style and Standard Length
197,KOTTY Women’s High Waist Wide,Jeans,xellbuy,5999,4999,https://m.media-amazon.com/images/I/61Evy4TpAuL._SY879_.jpg,403,"Fabric: Constructed with a durable cotton lycra blend, offering a perfect balance of comfort and flexibility for your active lifestyle. Rise and Fit: Enjoy a high-rise design coupled with a relaxed fit, providing ample room for movement and functionality. Proudly Made in India: Each Jeans piece is proudly manufactured in India, reflecting our commitment to local production and craftsmanship excellence. Wash Care: Machine wash cold separately, tumble dry low, iron on low heat if necessary, do not bleach, and do not dry clean. Trendy high-rise light fade jeans, perfect for casual outings"
198,Stylish Western Woman Shirts | Casual Summer Office Tops ,Shirts,xellbuy,3200,3000,https://m.media-amazon.com/images/I/61a770ncRFL._SY741_.jpg,100,Women’s Ombre Pink Casual Shirt for Women | Full Sleeve Stylish Western Top | Soft Regular Fit Button Down Shirt for Girls & Women
199,Half Sleeve Trendy V-Neck Printed Shirt's ,Shirts,xellbuy,3000,2900,https://m.media-amazon.com/images/I/51958G0HKDL._SY741_.jpg,100,Women’s Stylish Cotton Embroidery Full Sleeves Spread Collar Shirt (C1832)
200,KOTTY Women’s High Waist Denim Jeans,Jeans,xellbuy,5999,4999,https://m.media-amazon.com/images/I/51tPYbiNe2L._SY879_.jpg,410,"Fabric: Constructed with a durable cotton lycra blend, offering a perfect balance of comfort and flexibility for your active lifestyle. Rise and Fit: Enjoy a high-rise design coupled with a slim fit, providing ample room for movement and functionality. Wash Care: Machine wash cold separately, tumble dry low, iron on low heat if necessary, do not bleach, and do not dry clean. Best Fit: To ensure the ideal fit, please consult the size chart displayed in the image. Proudly Made in India: Each Jeans piece is proudly manufactured in India, reflecting our commitment to local production and craftsmanship excellence."
201,Women Crochet Top for Women ,Shirts,xellbuy,3000,2900,https://m.media-amazon.com/images/I/71ijn7lVasL._SY741_.jpg,100,Gufrina Women's Pink Floral Printed Button Down Western Shirt with Collared Neck and Half Sleeves in Relaxed Fit Style
202,Women’s High-Waist Button Relaxed Fit Casual Ankle,Jeans,xellbuy,6999,5997,https://m.media-amazon.com/images/I/51CWFsbKdHL._SY879_.jpg,403,"Fabric: Constructed with a durable cotton lycra blend, offering a perfect balance of comfort and flexibility for your active lifestyle. Rise and Fit: Enjoy a high-rise design coupled with a slim fit, providing ample room for movement and functionality. Wash Care: Machine wash cold separately, tumble dry low, iron on low heat if necessary, do not bleach, and do not dry clean. Best Fit: To ensure the ideal fit, please consult the size chart displayed in the image. Proudly Made in India: Each Jeans piece is proudly manufactured in India, reflecting our commitment to local production and craftsmanship excellence."
203,Stylish Western Woman Shirts | Casual Summer Office Tops ,Shirts,xellbuy,2100,2000,https://m.media-amazon.com/images/I/81rzyxkVtgL._SX679_.jpg,100,2200
204,Stylish Office Top | Casual Half Sleeve Shirts,Shirts,xellbuy,2100,2000,https://m.media-amazon.com/images/I/61fY4Ql0aDL._SY741_.jpg,100,PURYS Women Satin Shirt | Mandarin Collar Casual Top | Short Sleeve Chinese Collar Western Shirt for Office
205,Women’s High Waist Denim Jeans |,Jeans,xellbuy,6999,5999,https://m.media-amazon.com/images/I/51VLlDUrJCL._SY879_.jpg,402,"Fabric: Constructed with a durable cotton lycra blend, offering a perfect balance of comfort and flexibility for your active lifestyle. Rise and Fit: Enjoy a high-rise design coupled with a slim fit, providing ample room for movement and functionality. Wash Care: Machine wash cold separately, tumble dry low, iron on low heat if necessary, do not bleach, and do not dry clean. Best Fit: To ensure the ideal fit, please consult the size chart displayed in the image. Proudly Made in India: Each Jeans piece is proudly manufactured in India, reflecting our commitment to local production and craftsmanship excellence."
206,Women Printed Formal Shirt ,Shirts,xellbuy,3000,2900,https://m.media-amazon.com/images/I/61-6zilTx+L._SY741_.jpg,100,TADKEE Women's V Collared Casual Stylish Long Sleeve Oversized Fit Shirt
207,Regular Fit Western Latest Stylish Office Wear Tops Women,Shirts,xellbuy,3000,2800,https://m.media-amazon.com/images/I/71sgkUN6czL._SX679_.jpg,100,"Women's Oversized Plaid Flannel Shirt, Black and White, Long Sleeve, Casual Button-Down Top"
208,Women’s High Waist Wide Leg Flared Jeans with Trendy Fit and Clean Look ,Jeans,xellbuy,5999,4999,https://m.media-amazon.com/images/I/515B1mv1APL._SY879_.jpg,501,"Fabric: Constructed with a durable cotton lycra blend, offering a perfect balance of comfort and flexibility for your active lifestyle. Rise and Fit: Enjoy a high-rise design coupled with a relaxed fit, providing ample room for movement and functionality. Proudly Made in India: Each Jeans piece is proudly manufactured in India, reflecting our commitment to local production and craftsmanship excellence. Wash Care: Machine wash cold separately, tumble dry low, iron on low heat if necessary, do not bleach, and do not dry clean. Trendy high-rise light fade jeans, perfect for casual outings"
209,Shirts for Women - Korean Style ,Shirts,xellbuy,3200,3100,https://m.media-amazon.com/images/I/711-b2ZRN3L._Y741_.jpg,100,GRECIILOOKS Shirt for Women | Shirt | Long | Tops for Women | Oversized | Korean Style Long Sleeve Oversized Button Down
210,Women’s High Waist Denim Jeans,Jeans,xellbuy,5999,5549,https://m.media-amazon.com/images/I/51EbV2ne6SL._SY879_.jpg,890,"Fabric: Constructed with a durable cotton lycra blend, offering a perfect balance of comfort and flexibility for your active lifestyle. Rise and Fit: Enjoy a high-rise design coupled with a slim fit, providing ample room for movement and functionality. Wash Care: Machine wash cold separately, tumble dry low, iron on low heat if necessary, do not bleach, and do not dry clean. Best Fit: To ensure the ideal fit, please consult the size chart displayed in the image. Proudly Made in India: Each Jeans piece is proudly manufactured in India, reflecting our commitment to local production and craftsmanship excellence."
211,Women’s High-Waist Button Relaxed Fit Casual Ankle Length Stylish Jeans,Jeans,xellbuy,5999,4598,https://m.media-amazon.com/images/I/61+kgS09xLL._SY879_.jpg,333,"Processed finishes use abrasive stones to achieve a soft, faded appearance that feels comfortable from the first wear. Heavily lightened jeans provide an almost-white finish that is perfect for high-contrast outfits and edgy street style looks. Deep red jeans add a touch of rich color to your winter wardrobe, pairing perfectly with cozy sweaters. Natural cream-colored jeans are untreated and feature small flecks of husk for a rustic and organic aesthetic. Vintage-tinted jeans use specialized colorings to simulate the look of trousers that have aged over several long decades."
212,High-Waist Button Relaxed Fit Casual Ankle Length Stylish Jeans,Jeans,xellbuy,3100,2850,https://m.media-amazon.com/images/I/81wfcBsdKqL._SX679_.jpg,100,Nifty Womens Mid Rise Denim Wide Leg Jeans
213,Womens High Waist Flared Fit Ankle Length Clean Look Denim Jeans,Jeans,xellbuy,10000,6999,https://m.media-amazon.com/images/I/41tZ4YdEKnL._SY879_.jpg,455,"High-waisted jeans provide excellent midsection support while creating a beautifully elongated and flattering silhouette for all different body types. Slim-fit jeans offer a tailored appearance that bridges the gap between casual wear and professional office-ready attire seamlessly. Opt for a coordinated look by matching your jeans to a jacket in the exact same fabric shade. Cargo-style jeans feature large side pockets that provide a functional, utilitarian aesthetic inspired by traditional military workwear uniforms. Sturdy work jeans include a functional loop and extra utility pockets for a rugged and practical daily look."
214,"Women’s High Waist Denim Jeans | Straight, Relaxed & Wide Leg Fit",Jeans,xellbuy,11000,7996,https://m.media-amazon.com/images/I/51EbV2ne6SL._SY879_.jpg,4444,"Fabric: Constructed with a durable cotton lycra blend, offering a perfect balance of comfort and flexibility for your active lifestyle. Rise and Fit: Enjoy a high-rise design coupled with a slim fit, providing ample room for movement and functionality. Wash Care: Machine wash cold separately, tumble dry low, iron on low heat if necessary, do not bleach, and do not dry clean. Best Fit: To ensure the ideal fit, please consult the size chart displayed in the image. Proudly Made in India: Each Jeans piece is proudly manufactured in India, reflecting our commitment to local production and craftsmanship excellence."
215,"Denim Jeans | Straight, Relaxed & Wide Leg Fit",Jeans,xellbuy,5000,4900,https://m.media-amazon.com/images/I/718qR5TuDkL._SY741_.jpg,100,Miss Chase A+ Women's Wide-Leg High-Rise Regular-Length Stretchable Cargo Denim Jeans
216,Womens Denim Jeans | Stylish Daily Comfort ,Jeans,xellbuy,10000,8999,https://m.media-amazon.com/images/I/518UJyicYAL._SX679_.jpg,3478,"Soft-lined jeans offer incredible warmth and insulation, making them the perfect choice for surviving the coldest winter days. Advanced yarn technology prevents the knees from bagging out, ensuring your jeans look sharp throughout the long day. Performance jeans draw moisture away from the skin, keeping you dry and fresh during active or busy afternoons. Modern skinny jeans feature high-performance stretch fabric that hugs your curves securely without restricting any of your movements. Recycled polyester blends turn waste into soft, wearable fibers that contribute to a much cleaner global environment."
217,Relaxed Fit Casual Ankle Length Stylish Jean,Jeans,xellbuy,5500,5400,https://m.media-amazon.com/images/I/61xrySAWfpL._SX569_.jpg,100,U.S. Polo Assn. Women Jeans
